{
  "results": [
    {
      "script": {
        "src": "C:\\Users\\vivek_mishra\\Documents\\VuGen\\Scripts\\Bol_TruClient_Script",
        "dest": "C:\\Users\\vivek_mishra\\AppData\\Local\\Temp\\2\\d29994be-15eb-41e1-8833-92b150b8f06c\\Bol_TruClient_Script"
      },
      "result": {
        "status": "failed",
        "details": {
          "warnings": [
            "Step step:{20da5445-5f83-d765-7690-799eb90fb7d3}, Argument \"code\": Check the scope of the variable definitions.",
            "Step step:{74550ec3-b607-9916-1991-6678ef7031b2}, Argument \"code\": Both JSAPI and Browser API are used, code may not work as expected.",
            "Step step:{245aea27-03bb-a857-7181-cd5a56ae5451}, Argument \"code\": Both JSAPI and Browser API are used, code may not work as expected."
          ]
        }
      }
    }
  ]
}