{"OutputFileHashSum":"EDBDDB6478B1E0B43E7ED1A47ED1A4293CEF7986A4F75037DC6D6FDA41139138","Converted":true,"OutputModifyDate":"2025-03-31T10:22:54.4162679Z","Metadatas":[],"MetadataTypes":[{"CategoryName":"VuGen.Replay","MetadataTypeName":"HP.LR.Vugen.Iteration","Id":1},{"CategoryName":"VuGen.Replay","MetadataTypeName":"Utt.Debugger.Error","Id":2},{"CategoryName":"VuGen.Replay","MetadataTypeName":"Utt.Debugger.Warning","Id":3},{"CategoryName":"VuGen.Replay","MetadataTypeName":"HP.LR.Vugen.NotifySavingParameter","Id":4}]}