<?xml version="1.0" encoding="utf-8"?>
<VugenScriptMetadata>
  <ScriptName>Bol_TruClient_Script</ScriptName>
  <Protocol>TruClient - Web</Protocol>
  <ActionFiles>
    <FileEntry Name="vuser_init.c" Filter="2" />
    <FileEntry Name="Action.c" Filter="2" />
    <FileEntry Name="Lib-View.c" Filter="2" />
    <FileEntry Name="vuser_end.c" Filter="2" />
  </ActionFiles>
  <GeneralFiles>
    <FileEntry Name="Bol_TruClient_Script.usr" Filter="4" />
    <FileEntry Name="default.cfg" Filter="4" />
    <FileEntry Name="default.usp" Filter="4" />
    <FileEntry Name="C-functions.c" Filter="2" />
    <FileEntry Name="globals.h" Filter="2" />
    <FileEntry Name="JS-functions.js" Filter="2" />
    <FileEntry Name="default.xml" Filter="2" />
    <FileEntry Name="TruClientScriptMetadata.xml" Filter="2" />
    <FileEntry Name="TC.xsl" Filter="2" />
    <FileEntry Name="OutputColoringDatabase.json" Filter="2" />
    <FileEntry Name="TCIEAuthenticationFilters.ini" Filter="2" />
    <FileEntry Name="migrationResult.json" Filter="2" />
    <FileEntry Name="combined_Bol_TruClient_Script.c" Filter="2" />
    <FileEntry Name="pre_cci.c" Filter="2" />
    <FileEntry Name="Libraries\" Filter="2" />
    <FileEntry Name="BFp+RJzYi0qSb9bRBBABkg==0.c.pickle" Filter="1" />
    <FileEntry Name="Bol_TruClient_Script.c.pickle" Filter="1" />
    <FileEntry Name="Bol_TruClient_Script.ci" Filter="1" />
    <FileEntry Name="Bookmarks.xml" Filter="1" />
    <FileEntry Name="Breakpoints.xml" Filter="1" />
    <FileEntry Name="CompilerLogMetadata.xml" Filter="1" />
    <FileEntry Name="default.cfg.bak" Filter="1" />
    <FileEntry Name="DKg6FC144U+QslVB8zFuvA==0.c.pickle" Filter="1" />
    <FileEntry Name="GjXxqJsF4UeczOhRzz1A0Q==0.c.pickle" Filter="1" />
    <FileEntry Name="interactive_replay_Chromium.txt" Filter="1" />
    <FileEntry Name="kptTxapQM0yNF89RZ9LOkQ==0.c.pickle" Filter="1" />
    <FileEntry Name="logfile.log" Filter="1" />
    <FileEntry Name="mdrv.log" Filter="1" />
    <FileEntry Name="mdrv_cmd.txt" Filter="1" />
    <FileEntry Name="options.txt" Filter="1" />
    <FileEntry Name="output.bak" Filter="1" />
    <FileEntry Name="output.txt" Filter="1" />
    <FileEntry Name="Pfpve1MtykKzsJtw3carZg==0.c.pickle" Filter="1" />
    <FileEntry Name="POtoicw48US1gz6qBuw8HQ==0.c.pickle" Filter="1" />
    <FileEntry Name="replay.har" Filter="1" />
    <FileEntry Name="ReplaySummaryReport.xml" Filter="1" />
    <FileEntry Name="ScriptUploadMetadata.xml" Filter="1" />
    <FileEntry Name="shunra.shunra" Filter="1" />
    <FileEntry Name="UserTasks.xml" Filter="1" />
    <FileEntry Name="WsMiXltRIU6+gsLtF49XrQ==0.c.pickle" Filter="1" />
    <FileEntry Name="zQr+rjLhn0eg4IN99dZnTg==0.c.pickle" Filter="1" />
    <FileEntry Name="Backup\" Filter="1" />
    <FileEntry Name="result1\" Filter="1" />
    <FileEntry Name="results\" Filter="1" />
    <FileEntry Name="resultSnap\" Filter="1" />
  </GeneralFiles>
</VugenScriptMetadata>