{"OutputFileHashSum":"612204E3604DC04B6DBC580780B73789F83DB84FF9426B7D3CFA05D66DAAE8A2","Converted":true,"OutputModifyDate":"2025-03-31T13:45:57.7967703Z","Metadatas":[],"MetadataTypes":[{"CategoryName":"VuGen.Replay","MetadataTypeName":"HP.LR.Vugen.Iteration","Id":1},{"CategoryName":"VuGen.Replay","MetadataTypeName":"Utt.Debugger.Error","Id":2},{"CategoryName":"VuGen.Replay","MetadataTypeName":"Utt.Debugger.Warning","Id":3},{"CategoryName":"VuGen.Replay","MetadataTypeName":"HP.LR.Vugen.NotifySavingParameter","Id":4}]}