<truLibrary engineVersion="2025.1.0.71" timestamp="Mon Mar 31 2025 13:42:37 GMT+0000 (Greenwich Mean Time)">
<step type="library" stepId="step:{556fbaf1-434e-1fbc-662e-afb398c09bf8}" action="SearchFunctions" level="43" arguments="{}" snapshotId="sjezfqpfo"><step type="function" stepId="step:{930cd743-9cb4-9b2a-91a3-13e791cfa187}" action="searchForWarehouse" level="1" arguments="{}" snapshotId="ipjyezm" index="1" argsSchema="{}"><step type="block" stepId="step:{7afa81f7-c4c2-5905-b0e2-413c2037eef5}" action="internal" level="43" arguments="{}" snapshotId="hlyffq"><step type="testObject" testObject="testObj:{3485c133-b384-7f59-0d68-56d173d97903}" stepId="step:{5e3d551e-b570-194c-3386-b49130bc7b04}" action="Click" level="1" arguments="{&quot;X Coordinate&quot;:{&quot;value&quot;:124},&quot;Y Coordinate&quot;:{&quot;value&quot;:20}}" snapshotId="zwrqfh" index="1" autoEndEventChrome="Step network completed"/><step type="testObject" testObject="testObj:{3485c133-b384-7f59-0d68-56d173d97903}" stepId="step:{ec1fbd83-2c28-66c1-65a1-242d7d5eb407}" action="Type" level="1" arguments="{&quot;Value&quot;:{&quot;value&quot;:&quot;warehouse&quot;}}" snapshotId="pgsaxaa" unfinalized="true" index="2" recDuration="6" autoEndEventChrome="Action completed" manualDuration="0"/><step type="testObject" testObject="testObj:{3485c133-b384-7f59-0d68-56d173d97903}" stepId="step:{14255b19-f4dd-c0b4-9e25-5022eea770dd}" action="Press Key" level="1" arguments="{&quot;Key Name&quot;:{&quot;value&quot;:&quot;Enter&quot;}}" snapshotId="cgiynn" index="3" autoEndEventChrome="Step network completed"/></step></step></step>
<testObjects><testObject testObjId="testObj:{3485c133-b384-7f59-0d68-56d173d97903}" platform="web" autoName="Waar ben je naar op zoek?" manualName="Waar ben je naar op zoek?"><roles><role>element</role><role>focusable</role><role>textbox</role></roles><idents active="XPath"><ident type="XPath"><![CDATA[{
"primaryScore":1,
"implData":{
	"value":"//input[@name=\"searchtext\"]",
	"suggestions":["(//input[@type=\"text\" and @name=\"searchtext\"])[1]","(//input[@id=\"searchfor\"])[1]","(//input[@id=\"searchfor\"])[1]"],
	"jsSuggestion":"evalXPath(\"(//input[@type=\\\"text\\\" and @name=\\\"searchtext\\\"])[1]\");"
	
}
}]]></ident><ident type="Electors"><![CDATA[{
"primaryScore":0.748181125,
"implData":{
	"ctxScore":0,
	"electors":[
		{"id":"leaf","value":true,"score":0.01},
		{"id":"tagName","value":"INPUT","score":0.1},
		{"id":"id","value":{"id":"searchfor","isValidWord":true},"score":0.5},
		{"id":"name","value":{"name":"searchtext","isValidWord":true},"score":0.3},
		{"id":"input/type","value":"text","score":0.05},
		{"id":"class","value":"w-full h-12 pl-6 bg-transparent border-none rounded-none outline-none \n  font-inherit leading-inherit appearance-none placeholder:text-neutral-text-interactive-disabled","score":0.15}
	],
	"secondaryData":{
		"default": {
				"totalObjs": 234,
				"maxObjsPerElector": 20000,
				"total": {
						"leaf": null,
						"tagName": 1,
						"id": 1,
						"name": 1,
						"input/type": 1,
						"class": 234
				},
				"secondaryScore": 0,
				"totalCandidates": 1
		}
}
}
}]]></ident><ident type="Descriptors"><![CDATA[{
"primaryScore":1,
"implData":{
	"ctxScore":0,
	"userModified":false,
	"expression":
		{"op":"and",
		"active":true,
		"args":[
			{"op":"equalsIgnoreCase",
			"active":true,
			"descriptor":"tagName",
			"args":[
				{"op":"property", "args":"tagName"},
				{"op": "value", "args":"INPUT"}
			]
			},
			{"op":"equalsIgnoreDigits",
			"active":true,
			"descriptor":"name",
			"args":[
				{"op":"property", "args":"name"},
				{"op": "value", "args":"searchtext"}
			]
			},
			{"op":"equals",
			"active":true,
			"descriptor":"input/type",
			"args":[
				{"op":"property", "args":"input/type"},
				{"op": "value", "args":"text"}
			]
			}
		]
		},
	"secondaryData":{
		"default": {
				"maxObjsPerDescriptor": 200,
				"total": {
						"tagName": 1,
						"name": 1,
						"input/type": 1
				},
				"totalCandidates": 1
		}
}
}
}]]></ident></idents></testObject></testObjects>
<transactions/>
</truLibrary>
