﻿<?xml version="1.0"?>
<!DOCTYPE Report
[
<!ELEMENT Report (General ,(Doc|BPT)) >
<!ATTLIST Report ver CDATA #REQUIRED tmZone CDATA #REQUIRED>

<!ELEMENT General ( DocLocation ) >
<!ATTLIST General productName CDATA #REQUIRED productVer CDATA #REQUIRED os CDATA #REQUIRED host CDATA #REQUIRED qcserver CDATA #IMPLIED qcproject CDATA #IMPLIED SolManSolutionId CDATA #IMPLIED SolManProjectId CDATA #IMPLIED SolManTestPlanId CDATA #IMPLIED SolManTestPackageId CDATA #IMPLIED SolManUserInfoData CDATA #IMPLIED  >

<!ELEMENT BPT (DName,Res,DVer?,TSet?,TInst?,NodeArgs,AdditionalInfo*,Doc*) >
<!ATTLIST BPT rID ID #REQUIRED >

<!ELEMENT Doc (DName,ConfName?,Res,DVer?,TSet?,TInst?,RunType?,DT?,AdditionalInfo*,Step*,DIter*,Step*,Action*,Doc*,Summary?,TestMaintenanceSummary*,NodeArgs?) >
<!ATTLIST Doc rID ID #REQUIRED type (Test|BC|BPTWrapperTest|Flow|Group|Action) "Test" productName CDATA #REQUIRED BCIter CDATA #IMPLIED >

<!ELEMENT RunType ( #PCDATA )>
<!ATTLIST RunType fmStep (False|True) "False" batch (False|True) "False" upDesc (False|True) "False" upChk (False|True) "False" upAS (False|True) "False">

<!ELEMENT DName ( #PCDATA ) >

<!ELEMENT ConfName ( #PCDATA ) >

<!ELEMENT Res ( #PCDATA ) >

<!ELEMENT AdditionalInfo (AdditionalDataName,AdditionalDataValue ) >

<!ELEMENT AdditionalDataName ( #PCDATA ) >

<!ELEMENT AdditionalDataValue ( #PCDATA ) >

<!ELEMENT DVer ( #PCDATA ) >

<!ELEMENT TSet ( #PCDATA ) >

<!ELEMENT TInst ( #PCDATA ) >

<!ELEMENT DIter (Step*,Action+,Summary?,NodeArgs)>
<!ATTLIST DIter rID ID #REQUIRED iterID CDATA #REQUIRED>

<!ELEMENT DocLocation ( #PCDATA )>

<!ELEMENT Action (AName,AIter*,(Step|HtmlStep|Action)*, Summary,ActionMaintenanceSummary*, NodeArgs ) >
<!ATTLIST Action rID ID #REQUIRED>

<!ELEMENT AIter ((Step|HtmlStep|Action)*,DataMapping?, Summary?,NodeArgs) >
<!ATTLIST AIter rID ID #REQUIRED iterID CDATA #REQUIRED isCountable (False|True) "False" >

<!ELEMENT AName ( #PCDATA ) >

<!ELEMENT TestMaintenanceSummary (ActionMaintenanceSummary*) >
<!ATTLIST TestMaintenanceSummary ObjectsAdded CDATA #REQUIRED ObjectsUpdated CDATA #REQUIRED StepsUpdated CDATA #REQUIRED StepsComments CDATA #REQUIRED><!ELEMENT ActionMaintenanceSummary (ObjectChange* ) >
<!ATTLIST ActionMaintenanceSummary Action CDATA #REQUIRED Objects CDATA #REQUIRED Updated CDATA #REQUIRED LinesTotal CDATA #REQUIRED Added CDATA #REQUIRED LinesUpdated CDATA #REQUIRED>

<!ELEMENT ObjectChange  (Hierarchy, PropertyChangeList* ) >
<!ATTLIST ObjectChange Operation CDATA #IMPLIED OriginalRepository CDATA #IMPLIED>

<!ELEMENT PropertyChangeList (PropertyDef*) >

<!ELEMENT PropertyDef (OriginalValue, NewValue) >
<!ATTLIST PropertyDef PropName CDATA #REQUIRED OriginRegularExpression (True|False) "False" NewRegularExpression (True|False) "False" AddedProperty (True|False) "False" >

<!ELEMENT OriginalValue ( #PCDATA )>

<!ELEMENT NewValue ( #PCDATA )>

<!ELEMENT Hierarchy  (ObjectName, Hierarchy*) >
<!ATTLIST Hierarchy MicClass CDATA #REQUIRED>

<!ELEMENT ObjectName  ( #PCDATA ) >

<!ELEMENT Step (Obj,Details,Time,TimeTick* ,(Step|HtmlStep|Doc)*, DataMapping?, NodeArgs) >
<!ATTLIST Step rID ID #REQUIRED retval CDATA #IMPLIED>

<!ELEMENT HtmlStep (HTML,TimeTick*,(Step|HtmlStep|Doc)*,NodeArgs) >
<!ATTLIST HtmlStep rID ID #REQUIRED >

<!ELEMENT Obj ( #PCDATA ) >
<!ATTLIST Obj plainTxt (False|True) "True">

<!ELEMENT Details ( #PCDATA ) >
<!ATTLIST Details plainTxt (False|True) "True">

<!ELEMENT Time ( #PCDATA ) >

<!ELEMENT HTML ( #PCDATA ) >

<!ELEMENT Disp ( #PCDATA ) >

<!ELEMENT TimeTick ( #PCDATA ) >

<!ELEMENT DataMapping ( DataMappedItem* )>
<!ELEMENT DataMappedItem EMPTY >
<!ATTLIST DataMappedItem dsName CDATA #REQUIRED >
<!ATTLIST DataMappedItem rowId CDATA #REQUIRED >

<!ELEMENT NodeArgs (Disp,TopPane?,BtmPane?,ExtendedInfo? )>
<!ATTLIST NodeArgs eType CDATA #REQUIRED icon CDATA #REQUIRED nRep CDATA #REQUIRED UserNote CDATA #IMPLIED filter (False|True) "True">
<!ATTLIST NodeArgs status (Passed|Failed|Done|Warning|Information) "Done">
<!ATTLIST NodeArgs iconSel CDATA #IMPLIED nType CDATA #IMPLIED MovieMarker CDATA "">
<!ATTLIST NodeArgs Source CDATA #IMPLIED SourceLine CDATA #IMPLIED StepFlowItemKey CDATA #IMPLIED >

<!ELEMENT TopPane (Path)>

<!ELEMENT BtmPane ( (Path|WR)?,ASHilite?)>
<!ATTLIST BtmPane vType CDATA "HTML">

<!ELEMENT Path ( #PCDATA ) >

<!ELEMENT ASHilite ( #PCDATA ) >

<!ELEMENT WR ( #PCDATA ) >

<!ELEMENT ExtendedInfo ( StepData ) >

<!ATTLIST ExtendedInfo StepType CDATA #REQUIRED>
<!ELEMENT DT (NodeArgs) >
<!ATTLIST DT rID ID #REQUIRED>

<!ELEMENT Summary (Param*)>
<!ATTLIST Summary sTime CDATA #IMPLIED eTime CDATA #IMPLIED passed CDATA #IMPLIED failed CDATA #IMPLIED warnings CDATA #IMPLIED retval CDATA #IMPLIED stopped (False|True) "False" >

<!ELEMENT Param (ParamName,ParamVal)+ >
<!ATTLIST Param paramInOut (In|Out) "In">

<!ELEMENT ParamName ( #PCDATA ) >

<!ELEMENT ParamVal ( #PCDATA ) >

]
>
<Report ver="2.0" tmZone="Greenwich Standard Time">
<General productName="Vugen" productVer="2025" os="" host="TESTING-VM"><DocLocation><![CDATA[C:\Users\vivek_mishra\Documents\VuGen\Scripts\Bol_TruClient_Script]]></DocLocation></General>
<Doc rID="T1"   productName= "Vugen"  >
<DName><![CDATA[Bol_TruClient_Script]]></DName>
<Res><![CDATA[result1]]></Res>
<Action rID="T2">
<AName><![CDATA[Init]]></AName>
<Summary sTime="3/31/2025 - 13:45:35" eTime="3/31/2025 - 13:45:35" passed="0" failed="0" warnings="0" ></Summary>
<NodeArgs eType="StartAction" icon="2" nRep="5" >
<Disp><![CDATA[Init Summary]]></Disp>
</NodeArgs>
</Action>
<DIter rID="T3" iterID="1" >
<Action rID="T4">
<AName><![CDATA[Action]]></AName>
<Step rID="T5">
<Obj plainTxt="False" ><![CDATA[Navigate]]></Obj>
<Details plainTxt="False" ><![CDATA[16: Navigate to https://www.bol.com/ was finished]]></Details>
<Time><![CDATA[3/31/2025 - 13:45:37]]></Time>
<TimeTick>1743428737</TimeTick>
<NodeArgs eType="General" icon="0" nRep="9" status="Passed" >
<Disp><![CDATA[Navigate]]></Disp>
</NodeArgs>
</Step>
<Step rID="T6">
<Obj plainTxt="False" ><![CDATA[Wait]]></Obj>
<Details plainTxt="False" ><![CDATA[18: Wait until Waar ben je naar op zoek? textbox exists was finished]]></Details>
<Time><![CDATA[3/31/2025 - 13:45:40]]></Time>
<TimeTick>1743428740</TimeTick>
<NodeArgs eType="General" icon="0" nRep="10" status="Passed" >
<Disp><![CDATA[Wait]]></Disp>
</NodeArgs>
</Step>
<Step rID="T7">
<Obj plainTxt="False" ><![CDATA[Click]]></Obj>
<Details plainTxt="False" ><![CDATA[19: Click on Alles accepteren button was finished]]></Details>
<Time><![CDATA[3/31/2025 - 13:45:42]]></Time>
<TimeTick>1743428742</TimeTick>
<NodeArgs eType="General" icon="0" nRep="11" status="Passed" >
<Disp><![CDATA[Click]]></Disp>
</NodeArgs>
</Step>
<Step rID="T8">
<Obj plainTxt="False" ><![CDATA[Click]]></Obj>
<Details plainTxt="False" ><![CDATA[1.1: Click on Waar ben je naar op zoek? textbox was finished]]></Details>
<Time><![CDATA[3/31/2025 - 13:45:45]]></Time>
<TimeTick>1743428745</TimeTick>
<NodeArgs eType="General" icon="0" nRep="12" status="Passed" >
<Disp><![CDATA[Click]]></Disp>
</NodeArgs>
</Step>
<Step rID="T9">
<Obj plainTxt="False" ><![CDATA[Type]]></Obj>
<Details plainTxt="False" ><![CDATA[1.2: Type warehouse in Waar ben je naar op zoek? textbox was finished]]></Details>
<Time><![CDATA[3/31/2025 - 13:45:49]]></Time>
<TimeTick>1743428749</TimeTick>
<NodeArgs eType="General" icon="0" nRep="13" status="Passed" >
<Disp><![CDATA[Type]]></Disp>
</NodeArgs>
</Step>
<Step rID="T10">
<Obj plainTxt="False" ><![CDATA[Press Key]]></Obj>
<Details plainTxt="False" ><![CDATA[1.3: Press key Enter on Waar ben je naar op zoek? textbox was finished]]></Details>
<Time><![CDATA[3/31/2025 - 13:45:51]]></Time>
<TimeTick>1743428751</TimeTick>
<NodeArgs eType="General" icon="0" nRep="14" status="Passed" >
<Disp><![CDATA[Press Key]]></Disp>
</NodeArgs>
</Step>
<Step rID="T11">
<Obj plainTxt="False" ><![CDATA[Wait]]></Obj>
<Details plainTxt="False" ><![CDATA[22: Wait until Wait for Top Result  exists was finished]]></Details>
<Time><![CDATA[3/31/2025 - 13:45:52]]></Time>
<TimeTick>1743428752</TimeTick>
<NodeArgs eType="General" icon="0" nRep="15" status="Passed" >
<Disp><![CDATA[Wait]]></Disp>
</NodeArgs>
</Step>
<Step rID="T12">
<Obj plainTxt="False" ><![CDATA[Click]]></Obj>
<Details plainTxt="False" ><![CDATA[28.1: Click on Click on Top Result link was finished]]></Details>
<Time><![CDATA[3/31/2025 - 13:45:54]]></Time>
<TimeTick>1743428754</TimeTick>
<NodeArgs eType="General" icon="0" nRep="16" status="Passed" >
<Disp><![CDATA[Click]]></Disp>
</NodeArgs>
</Step>
<Step rID="T13">
<Obj plainTxt="False" ><![CDATA[Wait]]></Obj>
<Details plainTxt="False" ><![CDATA[28.2: Wait until Wait for Product Page to... (Random Result)  exists was finished]]></Details>
<Time><![CDATA[3/31/2025 - 13:45:54]]></Time>
<TimeTick>1743428754</TimeTick>
<NodeArgs eType="General" icon="0" nRep="17" status="Passed" >
<Disp><![CDATA[Wait]]></Disp>
</NodeArgs>
</Step>
<Step rID="T14">
<Obj plainTxt="False" ><![CDATA[Wait]]></Obj>
<Details plainTxt="False" ><![CDATA[: Wait until Sygole SG UR H16 Scanner... link exists was finished]]></Details>
<Time><![CDATA[3/31/2025 - 13:45:55]]></Time>
<TimeTick>1743428755</TimeTick>
<NodeArgs eType="General" icon="0" nRep="18" status="Passed" >
<Disp><![CDATA[Wait]]></Disp>
</NodeArgs>
</Step>
<Step rID="T15">
<Obj plainTxt="False" ><![CDATA[Wait]]></Obj>
<Details plainTxt="False" ><![CDATA[28.4: Wait until Wait for Results Page link exists was finished]]></Details>
<Time><![CDATA[3/31/2025 - 13:45:55]]></Time>
<TimeTick>1743428755</TimeTick>
<NodeArgs eType="General" icon="0" nRep="19" status="Passed" >
<Disp><![CDATA[Wait]]></Disp>
</NodeArgs>
</Step>
<Step rID="T16">
<Obj plainTxt="False" ><![CDATA[Wait]]></Obj>
<Details plainTxt="False" ><![CDATA[28.8: Wait until Wait for Product Page to... (Random Result)  exists was finished]]></Details>
<Time><![CDATA[3/31/2025 - 13:45:57]]></Time>
<TimeTick>1743428757</TimeTick>
<NodeArgs eType="General" icon="0" nRep="20" status="Passed" >
<Disp><![CDATA[Wait]]></Disp>
</NodeArgs>
</Step>
<Summary sTime="3/31/2025 - 13:45:36" eTime="3/31/2025 - 13:45:57" passed="12" failed="0" warnings="0" ></Summary>
<NodeArgs eType="StartAction" icon="2" nRep="8" status="Passed" >
<Disp><![CDATA[Action Summary]]></Disp>
</NodeArgs>
</Action>
<NodeArgs eType="StartIteration" icon="3" nRep="7" status="Passed" >
<Disp><![CDATA[Bol_TruClient_Script Iteration 1 (Row 1)]]></Disp>
</NodeArgs>
</DIter>
<Action rID="T17">
<AName><![CDATA[End]]></AName>
<Summary sTime="3/31/2025 - 13:45:57" eTime="3/31/2025 - 13:45:57" passed="0" failed="0" warnings="0" ></Summary>
<NodeArgs eType="StartAction" icon="2" nRep="23" >
<Disp><![CDATA[End Summary]]></Disp>
</NodeArgs>
</Action>
<Summary sTime="3/31/2025 - 13:45:12" eTime="3/31/2025 - 13:45:59" passed="12" failed="0" warnings="0" ></Summary>
<NodeArgs eType="StartTest" icon="1" nRep="4" status="Passed" >
<Disp><![CDATA[Test Bol_TruClient_Script Summary]]></Disp>
</NodeArgs>
</Doc>
</Report>